-- phpMyAdmin SQL Dump
-- version 4.8.5
-- https://www.phpmyadmin.net/
--
-- Host: 127.0.0.1
-- Generation Time: Jul 19, 2021 at 11:07 AM
-- Server version: 10.1.40-MariaDB
-- PHP Version: 7.3.5

SET FOREIGN_KEY_CHECKS=0;
SET SQL_MODE = "NO_AUTO_VALUE_ON_ZERO";
SET AUTOCOMMIT = 0;
START TRANSACTION;
SET time_zone = "+00:00";


/*!40101 SET @OLD_CHARACTER_SET_CLIENT=@@CHARACTER_SET_CLIENT */;
/*!40101 SET @OLD_CHARACTER_SET_RESULTS=@@CHARACTER_SET_RESULTS */;
/*!40101 SET @OLD_COLLATION_CONNECTION=@@COLLATION_CONNECTION */;
/*!40101 SET NAMES utf8mb4 */;

--
-- Database: `sisfo-covid`
--

-- --------------------------------------------------------

--
-- Table structure for table `datareal`
--

CREATE TABLE `datareal` (
  `id` int(11) NOT NULL,
  `Tanggal` date NOT NULL,
  `Kasus` int(11) NOT NULL,
  `username` int(10) NOT NULL
) ENGINE=InnoDB DEFAULT CHARSET=utf8mb4;

--
-- Dumping data for table `datareal`
--

INSERT INTO `datareal` (`id`, `Tanggal`, `Kasus`, `username`) VALUES
(1, '2020-04-07', 2, 58),
(2, '2020-04-13', 1, 36),
(3, '2020-04-17', 2, 36),
(4, '2020-04-28', 3, 36),
(5, '2020-04-30', 1, 36),
(6, '2020-05-01', 1, 36),
(7, '2020-05-09', 1, 36),
(8, '2020-05-16', 2, 36),
(9, '2020-05-26', 3, 36),
(10, '2020-05-29', 1, 36),
(11, '2020-05-30', 1, 36),
(12, '2020-05-31', 1, 36),
(13, '2020-06-05', 3, 36),
(14, '2020-06-08', 1, 36),
(15, '2020-06-10', 1, 36),
(16, '2020-06-11', 3, 36),
(17, '2020-06-19', 1, 36),
(18, '2020-06-20', 9, 36),
(19, '2020-06-22', 3, 36),
(20, '2020-06-23', 3, 36),
(21, '2020-06-24', 1, 36),
(22, '2020-06-25', 1, 36),
(23, '2020-06-26', 5, 36),
(24, '2020-06-27', 2, 36),
(25, '2020-06-29', 1, 36),
(26, '2020-06-30', 1, 36),
(27, '2020-07-01', 16, 36),
(28, '2020-07-02', 2, 36),
(29, '2020-07-06', 31, 36),
(30, '2020-07-07', 3, 36),
(31, '2020-07-08', 23, 36),
(32, '2020-07-09', 1, 36),
(33, '2020-07-13', 2, 36),
(34, '2020-07-14', 2, 36),
(35, '2020-07-15', 15, 36),
(36, '2020-07-16', 3, 36),
(37, '2020-07-17', 2, 36),
(38, '2020-07-18', 8, 36),
(39, '2020-07-19', 2, 36),
(40, '2020-07-21', 6, 36),
(41, '2020-07-22', 3, 36),
(42, '2020-07-23', 5, 36),
(43, '2020-07-24', 2, 36),
(44, '2020-07-25', 2, 36),
(45, '2020-07-28', 19, 36),
(46, '2020-07-29', 16, 36),
(47, '2020-07-30', 1, 36),
(48, '2020-07-31', 20, 36),
(49, '2020-08-01', 1, 36),
(50, '2020-08-04', 1, 36),
(51, '2020-08-05', 2, 36),
(52, '2020-08-06', 1, 36),
(53, '2020-08-07', 4, 36),
(54, '2020-08-08', 3, 36),
(55, '2020-08-09', 1, 36),
(56, '2020-08-11', 1, 36),
(57, '2020-08-12', 4, 36),
(58, '2020-08-13', 2, 36),
(59, '2020-08-14', 2, 36),
(60, '2020-08-16', 5, 36),
(61, '2020-08-17', 5, 36),
(62, '2020-08-18', 5, 36),
(63, '2020-08-19', 2, 36),
(64, '2020-08-20', 5, 36),
(65, '2020-08-22', 3, 36),
(66, '2020-08-23', 2, 36),
(67, '2020-08-24', 1, 36),
(68, '2020-08-25', 2, 36),
(69, '2020-08-26', 2, 36),
(70, '2020-08-27', 2, 36),
(71, '2020-08-28', 4, 36),
(72, '2020-08-29', 5, 36),
(73, '2020-08-30', 5, 36),
(74, '2020-08-31', 3, 36),
(75, '2020-09-01', 5, 36),
(76, '2020-09-02', 5, 36),
(77, '2020-09-03', 5, 36),
(78, '2020-09-04', 7, 36),
(79, '2020-09-05', 6, 36),
(80, '2020-09-06', 6, 36),
(81, '2020-09-07', 6, 36),
(82, '2020-09-08', 6, 36),
(83, '2020-09-09', 6, 36),
(84, '2020-09-10', 8, 36),
(85, '2020-09-11', 7, 36),
(86, '2020-09-12', 4, 36),
(87, '2020-09-14', 4, 36),
(88, '2020-09-15', 4, 36),
(89, '2020-09-16', 3, 36),
(90, '2020-09-17', 3, 36),
(91, '2020-09-18', 6, 36),
(92, '2020-09-19', 7, 36),
(93, '2020-09-20', 10, 36),
(94, '2020-09-21', 8, 36),
(95, '2020-09-22', 9, 36),
(96, '2020-09-23', 9, 36),
(97, '2020-09-24', 8, 36),
(98, '2020-09-25', 6, 36),
(99, '2020-09-26', 3, 36),
(100, '2020-09-27', 3, 36),
(101, '2020-09-28', 3, 36),
(102, '2020-09-29', 3, 36),
(103, '2020-09-30', 7, 36),
(104, '2020-10-01', 4, 36),
(105, '2020-10-02', 3, 36),
(106, '2020-10-03', 3, 36),
(107, '2020-10-04', 3, 36),
(108, '2020-10-05', 3, 36),
(109, '2020-10-06', 5, 36),
(110, '2020-10-07', 8, 36),
(111, '2020-10-08', 7, 36),
(112, '2020-10-09', 4, 36),
(113, '2020-10-10', 4, 36),
(114, '2020-10-11', 3, 36),
(115, '2020-10-12', 2, 36),
(116, '2020-10-13', 5, 36),
(117, '2020-10-14', 10, 36),
(118, '2020-10-15', 8, 36),
(119, '2020-10-16', 5, 36),
(120, '2020-10-17', 2, 36),
(121, '2020-10-18', 2, 36),
(122, '2020-10-19', 3, 36),
(123, '2020-10-20', 6, 36),
(124, '2020-10-21', 10, 36),
(125, '2020-10-22', 4, 36),
(126, '2020-10-23', 1, 36),
(127, '2020-10-24', 1, 36),
(128, '2020-10-25', 1, 36),
(129, '2020-10-26', 3, 36),
(130, '2020-10-27', 5, 36),
(131, '2020-10-28', 5, 36),
(132, '2020-10-29', 4, 36),
(133, '2020-10-30', 6, 36),
(134, '2020-10-31', 4, 36),
(135, '2020-11-01', 4, 36),
(136, '2020-11-02', 5, 36),
(137, '2020-11-03', 6, 36),
(138, '2020-11-04', 5, 36),
(139, '2020-11-05', 5, 36),
(140, '2020-11-06', 4, 36),
(141, '2020-11-07', 4, 36),
(142, '2020-11-08', 6, 36),
(143, '2020-11-09', 5, 36),
(144, '2020-11-10', 7, 36),
(145, '2020-11-11', 6, 36),
(146, '2020-11-12', 6, 36),
(147, '2020-11-13', 5, 36),
(148, '2020-11-14', 4, 36),
(149, '2020-11-15', 5, 36),
(150, '2020-11-16', 4, 36),
(151, '2020-11-17', 5, 36),
(152, '2020-11-18', 2, 36),
(153, '2020-11-19', 8, 36),
(154, '2020-11-20', 8, 36),
(155, '2020-11-21', 6, 36),
(156, '2020-11-22', 5, 36),
(157, '2020-11-23', 3, 36),
(158, '2020-11-24', 10, 36),
(159, '2020-11-25', 8, 36),
(160, '2020-11-26', 7, 36),
(161, '2020-11-27', 6, 36),
(162, '2020-11-28', 3, 36),
(163, '2020-11-29', 3, 36),
(164, '2020-11-30', 3, 36),
(165, '2020-12-01', 10, 36),
(166, '2020-12-02', 9, 36),
(167, '2020-12-03', 5, 36),
(168, '2020-12-04', 18, 36),
(169, '2020-12-05', 18, 36),
(170, '2020-12-06', 35, 36),
(171, '2020-12-07', 47, 36),
(172, '2020-12-08', 26, 36),
(173, '2020-12-09', 34, 36),
(174, '2020-12-10', 48, 36),
(175, '2020-12-11', 16, 36),
(176, '2020-12-12', 4, 36),
(177, '2020-12-13', 4, 36),
(178, '2020-12-14', 17, 36),
(179, '2020-12-15', 18, 36),
(180, '2020-12-16', 27, 36),
(181, '2020-12-17', 56, 36),
(182, '2020-12-18', 30, 36),
(183, '2020-12-19', 29, 36),
(184, '2020-12-20', 17, 36),
(185, '2020-12-21', 10, 36),
(186, '2020-12-23', 1, 36),
(187, '2020-12-24', 33, 36),
(188, '2020-12-25', 29, 36),
(189, '2020-12-26', 38, 36),
(190, '2020-12-27', 16, 36),
(191, '2020-12-28', 13, 36),
(192, '2020-12-29', 16, 36),
(193, '2020-12-30', 25, 36),
(194, '2020-12-31', 43, 36),
(195, '2021-01-01', 62, 36),
(196, '2021-01-02', 13, 36),
(197, '2021-01-03', 6, 36),
(198, '2021-01-04', 11, 36),
(199, '2021-01-05', 26, 36),
(200, '2021-01-06', 5, 36),
(201, '2021-01-07', 26, 36),
(202, '2021-01-08', 11, 36),
(203, '2021-01-09', 13, 36),
(204, '2021-01-10', 5, 36),
(205, '2021-01-11', 21, 36),
(206, '2021-01-12', 4, 36),
(207, '2021-01-13', 33, 36),
(208, '2021-01-14', 10, 36),
(209, '2021-01-15', 40, 36),
(210, '2021-01-16', 29, 36),
(211, '2021-01-17', 24, 36),
(212, '2021-01-18', 7, 36),
(213, '2021-01-19', 9, 36),
(214, '2021-01-20', 8, 36),
(215, '2021-01-21', 12, 36),
(216, '2021-01-22', 3, 36),
(217, '2021-01-23', 48, 36),
(218, '2021-01-24', 15, 36),
(219, '2021-01-25', 3, 36),
(220, '2021-01-26', 12, 36),
(221, '2021-01-27', 9, 36),
(222, '2021-01-28', 16, 36),
(223, '2021-01-29', 22, 36),
(224, '2021-01-30', 16, 36),
(225, '2021-01-31', 19, 36),
(226, '2021-02-02', 4, 36),
(227, '2021-02-03', 4, 36),
(228, '2021-02-04', 20, 36),
(229, '2021-02-05', 12, 36),
(230, '2021-02-06', 2, 36),
(231, '2021-02-08', 3, 36),
(232, '2021-02-09', 8, 36),
(233, '2021-02-10', 4, 36),
(234, '2021-02-11', 3, 36),
(235, '2021-02-12', 21, 36),
(236, '2021-02-13', 7, 36),
(237, '2021-02-16', 2, 36),
(238, '2021-02-19', 2, 36),
(239, '2021-02-20', 6, 36),
(240, '2021-02-22', 2, 36),
(241, '2021-02-23', 8, 36),
(242, '2021-02-24', 1, 36),
(243, '2021-02-27', 2, 36),
(244, '2021-02-28', 1, 36),
(245, '2021-03-01', 1, 36),
(246, '2021-03-02', 1, 36),
(247, '2021-03-03', 2, 36),
(248, '2021-03-04', 1, 36),
(249, '2021-03-05', 2, 36),
(250, '2021-03-06', 1, 36),
(251, '2021-03-07', 2, 36),
(252, '2021-03-08', 1, 36),
(253, '2021-03-10', 2, 36),
(254, '2021-03-11', 1, 36),
(255, '2021-03-16', 2, 36),
(256, '2021-03-17', 6, 36),
(257, '2021-03-18', 1, 36),
(258, '2021-03-19', 1, 36),
(259, '2021-03-22', 2, 36),
(260, '2021-03-26', 1, 36),
(261, '2021-03-30', 1, 36),
(262, '2021-03-31', 3, 36),
(263, '2021-04-06', 2, 36),
(264, '2021-04-10', 1, 36),
(265, '2021-04-14', 2, 36),
(266, '2021-04-16', 2, 36),
(267, '2021-04-19', 4, 36),
(268, '2021-04-20', 2, 36),
(269, '2021-04-26', 1, 36),
(270, '2021-04-30', 1, 36),
(271, '2021-05-01', 1, 36),
(272, '2021-05-03', 2, 36),
(273, '2021-05-07', 1, 36),
(274, '2021-05-08', 1, 57);

-- --------------------------------------------------------

--
-- Table structure for table `login`
--

CREATE TABLE `login` (
  `id` int(10) NOT NULL,
  `id_user` int(10) NOT NULL,
  `username` varchar(30) NOT NULL,
  `sandi` varchar(30) NOT NULL
) ENGINE=InnoDB DEFAULT CHARSET=latin1;

--
-- Dumping data for table `login`
--

INSERT INTO `login` (`id`, `id_user`, `username`, `sandi`) VALUES
(20, 36, 'rahadian22', 'rahadian'),
(22, 56, 'dhela20', '1234'),
(23, 57, 'yullymartha', 'yully72'),
(24, 58, 'bhima', 'bima123'),
(25, 59, 'aditya23', 'adit88'),
(26, 61, 'adi88', '1234');

-- --------------------------------------------------------

--
-- Table structure for table `role`
--

CREATE TABLE `role` (
  `id` varchar(3) NOT NULL,
  `deskripsi` text NOT NULL
) ENGINE=InnoDB DEFAULT CHARSET=latin1;

--
-- Dumping data for table `role`
--

INSERT INTO `role` (`id`, `deskripsi`) VALUES
('ADM', 'admin dapat melakukan crud user dan lihat data'),
('USR', 'user dapat melakukan input kasus positif, melakukan prediksi, dan melihat data kasus positif');

-- --------------------------------------------------------

--
-- Table structure for table `user`
--

CREATE TABLE `user` (
  `id` int(10) NOT NULL,
  `nama` varchar(60) NOT NULL,
  `telepon` varchar(12) NOT NULL,
  `role` varchar(3) NOT NULL,
  `user_delete` datetime DEFAULT NULL
) ENGINE=InnoDB DEFAULT CHARSET=latin1;

--
-- Dumping data for table `user`
--

INSERT INTO `user` (`id`, `nama`, `telepon`, `role`, `user_delete`) VALUES
(36, 'Rahadian Bagaskara Adikusuma', '082230842350', 'ADM', NULL),
(56, 'Dhelanda La Nina', '081234567', 'ADM', NULL),
(57, 'Dyah Yully Marthawati', '085233438735', 'USR', NULL),
(58, 'Agastya Bima Kumala', '081322567899', 'ADM', NULL),
(59, 'Aditya Wahyu', '081345617890', 'USR', '2021-07-12 17:05:46'),
(60, 'Rahadian', '0811212', 'ADM', '2021-07-12 03:07:06'),
(61, 'Adikusuma', '081234', 'ADM', '2021-07-15 10:28:36');

--
-- Indexes for dumped tables
--

--
-- Indexes for table `datareal`
--
ALTER TABLE `datareal`
  ADD PRIMARY KEY (`id`),
  ADD UNIQUE KEY `Tanggal` (`Tanggal`),
  ADD KEY `username` (`username`);

--
-- Indexes for table `login`
--
ALTER TABLE `login`
  ADD PRIMARY KEY (`id`),
  ADD UNIQUE KEY `username` (`username`),
  ADD KEY `id_user` (`id_user`);

--
-- Indexes for table `role`
--
ALTER TABLE `role`
  ADD PRIMARY KEY (`id`);

--
-- Indexes for table `user`
--
ALTER TABLE `user`
  ADD PRIMARY KEY (`id`),
  ADD KEY `role` (`role`);

--
-- AUTO_INCREMENT for dumped tables
--

--
-- AUTO_INCREMENT for table `datareal`
--
ALTER TABLE `datareal`
  MODIFY `id` int(11) NOT NULL AUTO_INCREMENT, AUTO_INCREMENT=275;

--
-- AUTO_INCREMENT for table `login`
--
ALTER TABLE `login`
  MODIFY `id` int(10) NOT NULL AUTO_INCREMENT, AUTO_INCREMENT=27;

--
-- AUTO_INCREMENT for table `user`
--
ALTER TABLE `user`
  MODIFY `id` int(10) NOT NULL AUTO_INCREMENT, AUTO_INCREMENT=62;

--
-- Constraints for dumped tables
--

--
-- Constraints for table `datareal`
--
ALTER TABLE `datareal`
  ADD CONSTRAINT `datareal_ibfk_1` FOREIGN KEY (`username`) REFERENCES `user` (`id`);

--
-- Constraints for table `login`
--
ALTER TABLE `login`
  ADD CONSTRAINT `login_ibfk_1` FOREIGN KEY (`id_user`) REFERENCES `user` (`id`) ON DELETE CASCADE;

--
-- Constraints for table `user`
--
ALTER TABLE `user`
  ADD CONSTRAINT `user_ibfk_1` FOREIGN KEY (`role`) REFERENCES `role` (`id`);
SET FOREIGN_KEY_CHECKS=1;
COMMIT;

/*!40101 SET CHARACTER_SET_CLIENT=@OLD_CHARACTER_SET_CLIENT */;
/*!40101 SET CHARACTER_SET_RESULTS=@OLD_CHARACTER_SET_RESULTS */;
/*!40101 SET COLLATION_CONNECTION=@OLD_COLLATION_CONNECTION */;
